path,count
/xmlrpc.php,4830
/robots.txt,4168
/,2367
/.env,1429
/.git/config,1072
/.git/HEAD,401
/api/.env,298
/.env.example,234
/backend/.env,228
/.env.local,223
/admin/.env,215
/xmlrpc.php?rsd,208
/.env.bak,201
/d_3b1ec613/d_bd205cb5/gzdecodes.php,189
/.aws/credentials,180
/.env.prod,177
/.env.production,176
/app/.env,166
/dev/.env,163
/.DS_Store,148
/config/.env,140
/docker/.env,125
/application/.env,120
/wp-config.php,119
/.aws/config,117
/.env.old,114
/.env.stage,114
/apps/.env,109
/assets/js/wp-config.php,109
/.env.dev,105
/d_94228992/d_badc51c9/laravel.log,105
/wp-includes/css/wp-config.php,100
/.env.save,95
/core/.env,92
/laravel/.env,91
/web/.env,85
/backup.sql,77
/portal/.env,76
/development/.env,76
/mail/.env,73
/wp-includesSimplePiegzdecodes.php,73
/wp-plain.php,72
/dump.sql,69
/d_9161f094/d_74f0f511/semmelrock-alkalmazastechnikai-utmutato.pdf,67
/site/.env,66
/.travis.yml,66
/d_442cf7a4/php-cgi.exe?%ADd+cgi.force_redirect%3D0+%ADd+cgi.redirect_status_env+%ADd+allow_url_include%3D1+%ADd+auto_prepend_file%3Dphp://input,66
/.env.development,66
/conf/.env,65
/new/.env,65
